tag,completed_cycles,corr_hot_bottom_pN,corr_cold_bottom_pN,corr_hot_side_pN,corr_cold_keff_N,corr_hot_keff_N,corr_cold_porosity_N,old_hot_bottom_pN,old_cold_bottom_pN,old_hot_side_pN,old_cold_keff_N,old_hot_keff_N,old_cold_porosity_N,ratio_corr_old_hot_bottom_pN,ratio_corr_old_cold_bottom_pN,ratio_corr_old_hot_side_pN,ratio_corr_old_cold_keff_N,ratio_corr_old_hot_keff_N,ratio_corr_old_cold_porosity_N
a050_mu010_g002,10,126.40278751057704,924.2180133578483,6.481909125113586,1.22281729030167,1.29374748015678,0.414956704575633,134.2590336831651,959.9541166760772,3.7763642563086983,0.52376282038842,0.580860251719309,0.41410732626531,0.941484412951103,0.9627731131129807,1.716441710908865,2.3346775347567332,2.2272955953301516,1.0020511066973463
a100_mu030_g002,10,76.53009911756358,364.9331083708212,12.82823116299469,1.20363619068144,1.26526513766968,0.42162691084431,84.54844196401513,372.43742476962206,12.588219344775354,0.505469899393905,0.556062062006204,0.421609959170797,0.9051627367673524,0.9798507993565824,1.0190663835484366,2.381222288655936,2.2754027367102836,1.00004020700447
a150_mu060_g020,10,1015.4202202727262,182.9608616802128,184.11854686602268,1.19259651774319,1.25412828890226,0.425492340912506,1241.4629212716875,160.8475725269276,269.7659914017401,0.496077744843346,0.546228212450913,0.425543971016571,0.8179223099410691,1.1374797816708313,0.6825120761491029,2.404051643396731,2.2959786043914066,0.999878672692879
