{
  "theta_cold_cycle1": 7.181058436486753e-11,
  "theta_cold_cycle20": 6.37037401942832e-11,
  "Hv_cold_cycle1": 2.1072107109912728,
  "Hv_cold_cycle20": 1.907847657697186,
  "Hz_cycle1": 1.8046723758840733,
  "Hz_cycle20": 1.7887647842874208,
  "alpha2_cycle1": 8.163253629220456,
  "alpha2_cycle20": 0.1534630880988519
}