tag,label,phase,contacts,mean,p90,p99,p999,max,gini,p99_over_mean,max_over_mean
a050_mu010_g002,memory-rich,hot,20749,5.654240742411698e-05,0.00013758066275496774,0.0004176172447184514,0.0006667634708444729,0.0008809286473604068,0.5972594322448282,7.385911986130352,15.579963561733049
a050_mu010_g002,memory-rich,cold,22097,0.00031206253099253336,0.000629615110152195,0.0010550489026863385,0.0013739411405905776,0.00202472656642076,0.4070297467732836,3.380889398450666,6.488207860075342
a100_mu030_g002,intermediate,hot,10694,0.00011324756069634491,0.0002867545479613188,0.0008900808516919407,0.0017160081320566525,0.0027869491228188934,0.6236131579054545,7.859602857835933,24.60935233997356
a100_mu030_g002,intermediate,cold,5056,0.0002206820989335449,0.0004830040636914979,0.0009402471419248008,0.0012338551451020834,0.0016059356353373693,0.479232835395541,4.260640742808695,7.2771450112995915
a150_mu060_g020,hot-load,hot,25599,0.0009700628464868392,0.0022221577724693587,0.00664442417685783,0.010887116444526083,0.01238706938668707,0.5618597162194644,6.849478052809824,12.769347296979614
a150_mu060_g020,hot-load,cold,1877,0.0002268127360011133,0.0005268269524314686,0.0010522542152107653,0.0014809357076315244,0.0015458217761220082,0.5070160392848679,4.639308328812718,6.815409942916171
