target,validation,n_train,n_test,r2_memory_only,r2_memory_plus_hot_excitation,delta_r2,coef_memory,coef_hot_excitation
next_force_p99_cold_wz,within_route_forward_60_40,90,55,-0.05406918295251173,0.008016389347267228,0.06208557229977896,0.0017368908413075465,-0.05954297619473236
next_force_h1_birth_fraction_cold_wz,within_route_forward_60_40,90,55,-0.17293041612966653,-0.14044353631383588,0.03248687981583065,0.1458379790433459,0.3083607094781591
next_memory_coordinate,within_route_forward_60_40,90,55,-0.2501747429982606,-0.27933120384017807,-0.029156460841917475,0.13905910279228845,0.2513223811321992
