regime_id,segment,n,irreversibility_area,area_per_amplitude,loop_cost,overload_cost,imprint_efficiency,overload_asinh,positive_area_fraction
R1,early,10,0.08549805690775102,0.038476296924646713,-0.02924940372479542,-0.00025861316008211,0.1178246842921988,-0.2617836605538306,0.5
R1,late,9,0.0079943747997502,0.004097770827768565,-0.02149814638511481,-0.00021536003268183334,0.027537132962404412,-0.2035488929447296,0.6666666666666666
R1,middle,10,0.01754751886968661,0.008748132805252603,-0.02154049658762154,-0.00024051182018772002,0.02370090672095198,-0.2335409827262272,0.6
R3,early,10,0.29309746898463135,0.1126073417285653,0.012089485151221931,0.00021354341253143486,0.20842514969462114,0.31187022293145616,0.5
R3,late,9,0.18952444301340263,0.07925549205070473,0.0222917132656271,0.0003110480411941667,0.12587941073458797,0.40507764640671984,0.5555555555555556
R3,middle,10,0.17707376146707823,0.07207276524958876,0.02087506105651836,0.00029017175320485356,0.1382093107060151,0.39409586762962723,0.5
R6,early,10,0.08034728611663045,0.015130555873488313,0.02316547078177786,0.00170049196067098,0.04262268149068742,1.9472893898029149,0.8
R6,late,9,0.2809963681126567,0.1260398964534518,0.021473605598391645,0.0007836860175208556,0.20497103818317644,0.6642366783804148,0.5555555555555556
R6,middle,10,0.18157600318405312,0.0683171818604784,0.023802693773098328,0.0010662817934250402,0.07998648633106603,1.0781614182668406,0.5
