model,features,validation,n,r2_vs_global_mean,spearman_y_yhat,spearman_p
slow route,S,leave_one_route_out_huber,150,0.6166719765783454,0.879658531370705,1.2690973310556284e-49
force tail,T,leave_one_route_out_huber,150,0.6516513892786578,0.7552068980843593,6.127583933987316e-29
loop only,L,leave_one_route_out_huber,150,0.5516352333941621,0.8185270456464732,1.8748721476182595e-37
slow + loop,S;L,leave_one_route_out_huber,150,0.595977317773728,0.9606560291568513,3.1042473389453734e-84
slow x loop,SxL,leave_one_route_out_huber,150,0.7507890563507785,0.9249779990221787,4.580611448094792e-64
full two-scale,S;L;SxL,leave_one_route_out_huber,150,0.8603633283866661,0.9563038357260324,6.227324712888635e-81
tail two-scale,S;T;SxT,leave_one_route_out_huber,150,0.8185991510979721,0.8941321836526068,1.6782022112064318e-53
