regime_id,n,overload_number_mean,dimensionless_loop_number_mean,peak_normalized_gain,antisymmetric_strength,absolute_circulation_mean,phase_speed_mean
R1,30,-0.47184090409436147,-0.00244225276871169,1.027961236604271,0.0716198214380969,0.33887348075130513,0.6736205346452053
R3,30,0.7803749420168624,0.01364009770419677,1.5515415637432834,0.5153533729294858,0.21234407836126198,1.7231850950491974
R5,30,2.4852833397837997,0.035302502291182966,1.2365084338216306,0.1947451188766982,0.3299978944583933,0.980144212206832
R6,30,4.4390030386353825,0.05967572173162457,1.323254153468736,0.2019242422110829,0.4048136575079789,1.1530769124664737
R6c,30,8.186008690977685,0.11218119786088389,1.4572498108167729,0.1860073932398002,0.2640668008184825,0.629827666555973
