addition,validation,n,r2_loop_only,r2_augmented,delta_r2
+ top-5% force tail,within_route_forward_60_40,60,0.8479912630379509,0.8667384424033882,0.01874717936543724
+ non-normal gain,within_route_forward_60_40,60,0.8479912630379509,0.8919701696021013,0.04397890656415038
+ geometric flow,within_route_forward_60_40,55,0.8619636430815178,0.9396901143049001,0.07772647122338228
+ all auxiliaries,within_route_forward_60_40,55,0.8619636430815178,0.931065484875741,0.06910184179422318
