features,validation,n,auc,brier,accuracy,spearman_y_prob,model
psi,leave_one_route_out,150,0.8762183235867447,0.15052635019273822,0.7333333333333333,0.5566120897969833,dimensionless_loop
loop,leave_one_route_out,150,0.9904970760233918,0.03299300793748021,0.9533333333333334,0.7256866170733987,raw_loop
tail,leave_one_route_out,150,0.23879142300194933,0.26890970416530224,0.7,-0.3864560623460921,force_tail
controls,leave_one_route_out,150,0.7850877192982456,0.1252794003174384,0.76,0.43047301604613925,route_controls
psi;tail,leave_one_route_out,150,0.9529727095516569,0.11638590563484541,0.7733333333333333,0.6701696081169637,loop_plus_tail
psi;controls,leave_one_route_out,150,0.902046783625731,0.11655325038895722,0.7266666666666667,0.5948250959618021,loop_plus_controls
