test,spearman,p,n
loop_after_top5_and_cycle,0.5380310236010489,1.245067232454413e-12,150
top5_after_loop_and_cycle,-0.16233432597004313,0.04717404859308533,150
